<?xml version="1.0" encoding="UTF-8"?>
<beans xmlns="http://www.springframework.org/schema/beans"
       xmlns:xsi="http://www.w3.org/2001/XMLSchema-instance"
       xmlns:gfe="http://www.springframework.org/schema/gemfire"
       xmlns:util="http://www.springframework.org/schema/util"
       xsi:schemaLocation="
        http://www.springframework.org/schema/gemfire http://www.springframework.org/schema/gemfire/spring-gemfire.xsd
		http://www.springframework.org/schema/beans http://www.springframework.org/schema/beans/spring-beans.xsd
		http://www.springframework.org/schema/util http://www.springframework.org/schema/util/spring-util.xsd">

    <util:properties id="gemfire-props">
        <prop key="log-level">warning</prop>
    </util:properties>

    <gfe:cache properties-ref="gemfire-props"/>

    <gfe:local-region id="customers">
        <gfe:cache-listener>
            <bean class="com.apress.springrecipes.caching.LoggingCacheListener"/>
        </gfe:cache-listener>
    </gfe:local-region>

</beans>