<?xml version="1.0" encoding="UTF-8"?>
<beans xmlns="http://www.springframework.org/schema/beans"
       xmlns:xsi="http://www.w3.org/2001/XMLSchema-instance"
       xsi:schemaLocation="http://www.springframework.org/schema/beans http://www.springframework.org/schema/beans/spring-beans.xsd">

    <bean id="dataSource" class="org.apache.commons.dbcp2.BasicDataSource">
        <property name="driverClassName" value="org.apache.derby.jdbc.ClientDriver"/>
        <property name="url" value="jdbc:derby://localhost:1527/vehicle;create=true"/>
        <property name="username" value="app"/>
        <property name="password" value="app"/>
        <property name="initialSize" value="2" />
        <property name="maxTotal" value="5" />

    </bean>

    <bean id="vehicleDao" class="com.apress.springrecipes.vehicle.JdbcVehicleDao">
        <constructor-arg ref="dataSource" />
    </bean>


</beans>