<beans xmlns="http://www.springframework.org/schema/beans"
       xmlns:xsi="http://www.w3.org/2001/XMLSchema-instance" xmlns:tx="http://www.springframework.org/schema/tx"
       xmlns:aop="http://www.springframework.org/schema/aop"
       xsi:schemaLocation="http://www.springframework.org/schema/beans
        http://www.springframework.org/schema/beans/spring-beans.xsd http://www.springframework.org/schema/tx http://www.springframework.org/schema/tx/spring-tx.xsd http://www.springframework.org/schema/aop http://www.springframework.org/schema/aop/spring-aop.xsd">

    <bean id="dataSource"
          class="org.springframework.jdbc.datasource.DriverManagerDataSource">
        <property name="driverClassName"
                  value="org.apache.derby.jdbc.ClientDriver"/>
        <property name="url"
                  value="jdbc:derby://localhost:1527/bookstore;create=true"/>
        <property name="username" value="app"/>
        <property name="password" value="app"/>
    </bean>

    <bean id="transactionManager"
          class="org.springframework.jdbc.datasource.DataSourceTransactionManager">
        <property name="dataSource" ref="dataSource"/>
    </bean>

    <bean id="bookShop"
          class="com.apress.springrecipes.bookshop.JdbcBookShop">
        <property name="dataSource" ref="dataSource"/>
    </bean>

    <tx:advice id="bookShopTxAdvice"
               transaction-manager="transactionManager">
        <tx:attributes>
            <tx:method name="purchase"/>
        </tx:attributes>
    </tx:advice>

    <aop:config>
        <aop:pointcut id="bookShopOperation" expression=
                "execution(* com.apress.springrecipes.bookshop.BookShop.*(..))"/>
        <aop:advisor advice-ref="bookShopTxAdvice"
                     pointcut-ref="bookShopOperation"/>
    </aop:config>


</beans>
