<!DOCTYPE hibernate-configuration PUBLIC
        "-//Hibernate/Hibernate Configuration DTD 3.0//EN"
        "http://hibernate.sourceforge.net/hibernate-configuration-3.0.dtd">

<hibernate-configuration>
    <session-factory>
        <property name="hibernate.connection.driver_class">
            org.apache.derby.jdbc.ClientDriver
        </property>
        <property name="hibernate.connection.url">
            jdbc:derby://localhost:1527/course;create=true
        </property>
        <property name="hibernate.connection.username">app</property>
        <property name="hibernate.connection.password">app</property>
        <property name="hibernate.dialect">org.hibernate.dialect.DerbyTenSevenDialect</property>
        <property name="hibernate.show_sql">true</property>
        <property name="hibernate.hbm2ddl.auto">update</property>

        <mapping class="com.apress.springrecipes.course.Course" />
    </session-factory>
</hibernate-configuration>
